INSERT INTO PUB_SER_NO (SER_NO_TYP, SER_NO_NAM, BGN_SER_NO, CUR_SER_NO, END_SER_NO, STP_SPRD, FMT_OUT_LEN) VALUES ('EXAM_EXAM_CD', '试卷编号', 0, 2, 999999999, 1, 9);
INSERT INTO PUB_SER_NO (SER_NO_TYP, SER_NO_NAM, BGN_SER_NO, CUR_SER_NO, END_SER_NO, STP_SPRD, FMT_OUT_LEN) VALUES ('QUES_QUES_CD', '题目编号', 0, 4, 999999999, 1, 9);

INSERT INTO GRP_INFO (DPRT_NAM, GRP_NAM, SEQ_NO) VALUES ('testdprt', 'testgrp', 0);
INSERT INTO GRP_INFO (DPRT_NAM, GRP_NAM, SEQ_NO) VALUES ('testdprt2', 'testgrp2', 1);

INSERT INTO USR_INFO (OPEN_ID, DPRT_NAM, GRP_NAM, USR_NAM, REG_TMSTP) VALUES ('testcode', 'testdprt', 'testgrp', 'testusr', '1970-01-01 00:00:00');
INSERT INTO ROLE_INFO (OPEN_ID, ROLE_ID) VALUES ('testcode', 'testcode');
INSERT INTO ROLE_INFO (OPEN_ID, ROLE_ID) VALUES ('testcode', 'everyone');

INSERT INTO EXAM (EXAM_CD, TYP_CD, RPET_IND, CNTDWN_IND, ANSW_IMM_IND, TTL, DSC, BGN_TIME, END_TIME, SEQ_NO, LAST_MANT_USR, LAST_MANT_DAT, LAST_MANT_TMSTP) VALUES ('19700101000000000', '1', '1', '1', '1', 'testexam', 'test', '1970-01-01 00:00:00', '2099-01-01 00:00:00', 3, 'testcode','19700101','1970-01-01 00:00:00');
INSERT INTO EXAM (EXAM_CD, TYP_CD, RPET_IND, CNTDWN_IND, ANSW_IMM_IND, TTL, DSC, BGN_TIME, END_TIME, SEQ_NO, LAST_MANT_USR, LAST_MANT_DAT, LAST_MANT_TMSTP) VALUES ('19700102000000001', '1', '1', '1', '1', 'testexam', 'test', '1970-01-02 00:00:00', '2099-01-01 00:00:00', 2, 'everyone','19700102','1970-01-02 00:00:00');

INSERT INTO QUES (QUES_CD, TYP_CD, DSC, COMM, LAST_MANT_USR, LAST_MANT_DAT, LAST_MANT_TMSTP) VALUES ('19700101000000000', '1', 'testques1', null, 'testcode', '19700101', '1970-01-01 00:00:00');
INSERT INTO QUES (QUES_CD, TYP_CD, DSC, COMM, LAST_MANT_USR, LAST_MANT_DAT, LAST_MANT_TMSTP) VALUES ('19700101000000001', '1', 'testques2', null, 'testcode', '19700101', '1970-01-01 00:00:00');
INSERT INTO QUES (QUES_CD, TYP_CD, DSC, COMM, LAST_MANT_USR, LAST_MANT_DAT, LAST_MANT_TMSTP) VALUES ('19700101000000002', '2', 'testques3', null, 'testcode', '19700101', '1970-01-01 00:00:00');
INSERT INTO QUES (QUES_CD, TYP_CD, DSC, COMM, LAST_MANT_USR, LAST_MANT_DAT, LAST_MANT_TMSTP) VALUES ('19700102000000003', '2', 'testques4', null, 'everyone', '19700102', '1970-01-02 00:00:00');
INSERT INTO QUES (QUES_CD, TYP_CD, DSC, COMM, LAST_MANT_USR, LAST_MANT_DAT, LAST_MANT_TMSTP) VALUES ('19700102000000004', '3', 'testques5', null, 'testcode', '19700102', '1970-01-02 00:00:00');

INSERT INTO ANSW (QUES_CD, ANSW_CD, TYP_CD, DSC, SCRE, LAST_MANT_USR, LAST_MANT_DAT, LAST_MANT_TMSTP) VALUES ('19700101000000000', '00', null, 'testansw1', 50, 'testcode', '19700101', '1970-01-01 00:00:00');
INSERT INTO ANSW (QUES_CD, ANSW_CD, TYP_CD, DSC, SCRE, LAST_MANT_USR, LAST_MANT_DAT, LAST_MANT_TMSTP) VALUES ('19700101000000000', '01', null, 'testansw2', 0, 'testcode', '19700101', '1970-01-01 00:00:00');
INSERT INTO ANSW (QUES_CD, ANSW_CD, TYP_CD, DSC, SCRE, LAST_MANT_USR, LAST_MANT_DAT, LAST_MANT_TMSTP) VALUES ('19700101000000001', '00', null, 'testansw1', 50, 'testcode', '19700101', '1970-01-01 00:00:00');
INSERT INTO ANSW (QUES_CD, ANSW_CD, TYP_CD, DSC, SCRE, LAST_MANT_USR, LAST_MANT_DAT, LAST_MANT_TMSTP) VALUES ('19700101000000001', '01', null, 'testansw2', 0, 'testcode', '19700101', '1970-01-01 00:00:00');
INSERT INTO ANSW (QUES_CD, ANSW_CD, TYP_CD, DSC, SCRE, LAST_MANT_USR, LAST_MANT_DAT, LAST_MANT_TMSTP) VALUES ('19700101000000002', '00', null, 'testansw1', 50, 'testcode', '19700101', '1970-01-01 00:00:00');
INSERT INTO ANSW (QUES_CD, ANSW_CD, TYP_CD, DSC, SCRE, LAST_MANT_USR, LAST_MANT_DAT, LAST_MANT_TMSTP) VALUES ('19700101000000002', '01', null, 'testansw2', 50, 'testcode', '19700101', '1970-01-01 00:00:00');
INSERT INTO ANSW (QUES_CD, ANSW_CD, TYP_CD, DSC, SCRE, LAST_MANT_USR, LAST_MANT_DAT, LAST_MANT_TMSTP) VALUES ('19700101000000002', '02', null, 'testansw3', 0, 'testcode', '19700101', '1970-01-01 00:00:00');
INSERT INTO ANSW (QUES_CD, ANSW_CD, TYP_CD, DSC, SCRE, LAST_MANT_USR, LAST_MANT_DAT, LAST_MANT_TMSTP) VALUES ('19700102000000003', '00', null, 'testansw1', 50, 'everyone', '19700102', '1970-01-02 00:00:00');
INSERT INTO ANSW (QUES_CD, ANSW_CD, TYP_CD, DSC, SCRE, LAST_MANT_USR, LAST_MANT_DAT, LAST_MANT_TMSTP) VALUES ('19700102000000003', '01', null, 'testansw2', 50, 'everyone', '19700102', '1970-01-02 00:00:00');
INSERT INTO ANSW (QUES_CD, ANSW_CD, TYP_CD, DSC, SCRE, LAST_MANT_USR, LAST_MANT_DAT, LAST_MANT_TMSTP) VALUES ('19700102000000003', '02', null, 'testansw3', 50, 'everyone', '19700102', '1970-01-02 00:00:00');
INSERT INTO ANSW (QUES_CD, ANSW_CD, TYP_CD, DSC, SCRE, LAST_MANT_USR, LAST_MANT_DAT, LAST_MANT_TMSTP) VALUES ('19700102000000003', '03', null, 'testansw4', 0, 'everyone', '19700102', '1970-01-02 00:00:00');

INSERT INTO EXAM_QUES_RLN (EXAM_CD, QUES_CD, SEQ_NO, LAST_MANT_USR, LAST_MANT_DAT, LAST_MANT_TMSTP) VALUES ('19700101000000000', '19700101000000000', 0, 'testcode', '19700101', '1970-01-01 00:00:00');
INSERT INTO EXAM_QUES_RLN (EXAM_CD, QUES_CD, SEQ_NO, LAST_MANT_USR, LAST_MANT_DAT, LAST_MANT_TMSTP) VALUES ('19700101000000000', '19700101000000001', 1, 'testcode', '19700101', '1970-01-01 00:00:00');
INSERT INTO EXAM_QUES_RLN (EXAM_CD, QUES_CD, SEQ_NO, LAST_MANT_USR, LAST_MANT_DAT, LAST_MANT_TMSTP) VALUES ('19700101000000000', '19700102000000004', 2, 'testcode', '19700102', '1970-01-02 00:00:00');
INSERT INTO EXAM_QUES_RLN (EXAM_CD, QUES_CD, SEQ_NO, LAST_MANT_USR, LAST_MANT_DAT, LAST_MANT_TMSTP) VALUES ('19700102000000001', '19700102000000003', 2, 'everyone', '19700102', '1970-01-02 00:00:00');

INSERT INTO DTL_REC (OPEN_ID, EXAM_CD, QUES_CD, ANSW_CD, SCRE, LAST_MANT_TMSTP) VALUES ('testcode', '19700101000000000', '19700101000000000', '00', 50, '1970-01-01 00:00:00');
INSERT INTO DTL_REC (OPEN_ID, EXAM_CD, QUES_CD, ANSW_CD, SCRE, LAST_MANT_TMSTP) VALUES ('testcode', '19700101000000000', '19700101000000001', '01', 0, '1970-01-01 00:01:00');
INSERT INTO DTL_REC (OPEN_ID, EXAM_CD, QUES_CD, ANSW_CD, SCRE, LAST_MANT_TMSTP) VALUES ('testcode', '19700101000000000', '19700102000000004', '00', 50, '1970-01-02 00:01:00');

INSERT INTO RESP_REC (OPEN_ID, EXAM_CD, SCRE, SPND, DAT) VALUES ('testcode', '19700101000000000', 50, 60, '19700101');

INSERT INTO NCoV (OPEN_ID, Q01, LAST_MANT_TMSTP, USR_NAM, DPRT_NAM, GRP_NAM, HAM_CD) VALUES ('testcode', '请假', '1970-01-01 00:00:00', 'testusr', 'testdprt', 'testgrp', 'testcd');
